{"noiseKey":{"private":{"type":"Buffer","data":"sFcd++XjSZox0/UDiG119eGzIxbsDHmp2lFJGqTflEY="},"public":{"type":"Buffer","data":"u1ZBhR7H8zZE2VeXBKCcAjnM5ObpVlE2Flv67iwH1Wk="}},"pairingEphemeralKeyPair":{"private":{"type":"Buffer","data":"kK2V4v6jBRKsxK94uJiSBJWsvY4+PnryST0eSJ+pQW8="},"public":{"type":"Buffer","data":"nI7Y2imvlEZXo+qdDhAJj/7bPVmJI9F0kg0N+dWCRUM="}},"signedIdentityKey":{"private":{"type":"Buffer","data":"oLl5HowU9IPZLo2qLy8f3fuy1qGKXrdY/9JCmJnlml4="},"public":{"type":"Buffer","data":"loaXM07q/CJZxbM4oPDvZzM14hnEZfeRBejdU46rcVg="}},"signedPreKey":{"keyPair":{"private":{"type":"Buffer","data":"yFoKREaBlfJdpYFp01TzWE35MyJiDCKAWmw72dKYf2w="},"public":{"type":"Buffer","data":"nmUDnE7wzY9LKcPzi3afd3lamjwBDD6+ST2+8p0pAHw="}},"signature":{"type":"Buffer","data":"rGwJwsXkfhMGDBrN55i2gWgllFaWbwTz+wOdHRIiG+tgtugh+6ty/Eo32T5fHWxKddPwMV147QMjmPjKrasXBw=="},"keyId":1},"registrationId":68,"advSecretKey":"eTObBvcTOpWsqtC/SDYmNqZUsGN9XUozqN2Utfj0ohs=","processedHistoryMessages":[{"key":{"remoteJid":"923280593507@s.whatsapp.net","fromMe":true,"id":"4E7107D65157A09AD1D8B17F64827351"},"messageTimestamp":1714645380},{"key":{"remoteJid":"923280593507@s.whatsapp.net","fromMe":true,"id":"5BD24908D5E4E8F868B2FCC78F301A3F"},"messageTimestamp":1714645380},{"key":{"remoteJid":"923280593507@s.whatsapp.net","fromMe":true,"id":"D07997F6DB13505B58ECB02165BFE2DF"},"messageTimestamp":1714645385},{"key":{"remoteJid":"923280593507@s.whatsapp.net","fromMe":true,"id":"DF0515444DFB6912E5B3E6EB4684A04E"},"messageTimestamp":1714645385}],"nextPreKeyId":36,"firstUnuploadedPreKeyId":36,"accountSyncCounter":1,"accountSettings":{"unarchiveChats":false},"deviceId":"e3I0gUTiRCKZE29HrXNAbg","phoneId":"cd42befa-bd5a-4d90-830a-a6fcdfe603b5","identityId":{"type":"Buffer","data":"QEH2HXyW4TYEBuSwepxXebrPmH8="},"registered":true,"backupToken":{"type":"Buffer","data":"uZD26OR6hLw5x4+sfcQ6G96Rcaw="},"registration":{},"pairingCode":"ZAN3X5SA","me":{"id":"923280593507:2@s.whatsapp.net","name":"Me massom","lid":"46304478650565:2@lid"},"account":{"details":"COm4pMMEEP7SzbEGGAIgACgA","accountSignatureKey":"X6KMk1HLxv4QI9ARcStOQ3HHbIWpMWibGGmeuJtarUY=","accountSignature":"n6xL5yK9i51xXVP30TKCxLj3qBg0Xmn7MgZ8lW6K9R03eqD4pBx2cqVBZTFixIQ+dYA4jFEeYn9X1SjF52eACQ==","deviceSignature":"swyBjRHFrt9joTdCJS2w3OX6DTj3kWj32gWrILk5xnVaCRax0W1jx6bRTVcluhL4uSK99ZyPJhdgoATdJYzaDw=="},"signalIdentities":[{"identifier":{"name":"923280593507:2@s.whatsapp.net","deviceId":0},"identifierKey":{"type":"Buffer","data":"BV+ijJNRy8b+ECPQEXErTkNxx2yFqTFomxhpnribWq1G"}}],"platform":"smba","lastAccountSyncTimestamp":1714645898,"myAppStateKeyId":"AAAAAPNB"}